[
    {
        "_id": 1,
        "fabric": "ATHENIAN",
        "CurrentCollection": "Munich, Antikensammlungen",
        "PreviousCollections": ["Munich, Antikensammlungen", "Rome, Candelori Collection, 1539"],
        "img": "https://i.ibb.co/jW2WB4P/ac001001.jpg",
        "PublicationRecord": "Corpus Vasorum Antiquorum: MUNICH, MUSEUM ANTIKER KLEINKUNST 8, 56-57, BEILAGE D4, PLS.(1816,1820,1830) 398.4,402.1-2,412.2 View Whole CVA Plates Crouwel, J.H., Chariots and other Wheeled Vehicles in Iron Age Greece, Allard Pierson Series 9 (Amsterdam, 1992): PL.26.3 (DRAWING OF PART) Jahrbuch des Deutschen Archäologischen Instituts: 87 (1972), 81, FIGS.12, 13 (A, B) Knauss, F.S. (ed.), Die unsterblichen Götter Griechenlands, Staatliche Antikensammlungen und Glyptothek München (Munich, 2012): 246, FIGS.16.5A-B (COLOUR OF A AND B)",
        "Decoration": "A,B: TRIPTOLEMOS ON WINGED CHARIOT BETWEEN DEMETER AND PERSEPHONE"
    },
    {
        "_id": 2,
        "fabric": "ATHENIAN",
        "CurrentCollection": "Athens, Agora Museum",
        "PreviousCollections": [],
        "img": "https://i.ibb.co/jW2WB4P/ac001001.jpg",
        "PublicationRecord": "Corpus Vasorum Antiquorum: MUNICH, MUSEUM ANTIKER KLEINKUNST 8, 56-57, BEILAGE D4, PLS.(1816,1820,1830) 398.4,402.1-2,412.2 View Whole CVA Plates Crouwel, J.H., Chariots and other Wheeled Vehicles in Iron Age Greece, Allard Pierson Series 9 (Amsterdam, 1992): PL.26.3 (DRAWING OF PART) Jahrbuch des Deutschen Archäologischen Instituts: 87 (1972), 81, FIGS.12, 13 (A, B) Knauss, F.S. (ed.), Die unsterblichen Götter Griechenlands, Staatliche Antikensammlungen und Glyptothek München (Munich, 2012): 246, FIGS.16.5A-B (COLOUR OF A AND B)",
        "Decoration": "A,B: TRIPTOLEMOS ON WINGED CHARIOT BETWEEN DEMETER AND PERSEPHONE"
    },
    {
        "_id": 3,
        "fabric": "ATHENIAN",
        "CurrentCollection": "Rome, Mus. Naz. Etrusco di Villa Giulia",
        "PreviousCollections": [],
        "img": "https://i.ibb.co/jW2WB4P/ac001001.jpg",
        "PublicationRecord": "Corpus Vasorum Antiquorum: MUNICH, MUSEUM ANTIKER KLEINKUNST 8, 56-57, BEILAGE D4, PLS.(1816,1820,1830) 398.4,402.1-2,412.2 View Whole CVA Plates Crouwel, J.H., Chariots and other Wheeled Vehicles in Iron Age Greece, Allard Pierson Series 9 (Amsterdam, 1992): PL.26.3 (DRAWING OF PART) Jahrbuch des Deutschen Archäologischen Instituts: 87 (1972), 81, FIGS.12, 13 (A, B) Knauss, F.S. (ed.), Die unsterblichen Götter Griechenlands, Staatliche Antikensammlungen und Glyptothek München (Munich, 2012): 246, FIGS.16.5A-B (COLOUR OF A AND B)",
        "Decoration": "A,B: TRIPTOLEMOS ON WINGED CHARIOT BETWEEN DEMETER AND PERSEPHONE"
    },
    {
        "_id": 4,
        "fabric": "ATHENIAN",
        "CurrentCollection": "Budapest, Hungarian Museum of Fine Arts",
        "PreviousCollections": [],
        "img": "https://i.ibb.co/jW2WB4P/ac001001.jpg",
        "PublicationRecord": "Corpus Vasorum Antiquorum: MUNICH, MUSEUM ANTIKER KLEINKUNST 8, 56-57, BEILAGE D4, PLS.(1816,1820,1830) 398.4,402.1-2,412.2 View Whole CVA Plates Crouwel, J.H., Chariots and other Wheeled Vehicles in Iron Age Greece, Allard Pierson Series 9 (Amsterdam, 1992): PL.26.3 (DRAWING OF PART) Jahrbuch des Deutschen Archäologischen Instituts: 87 (1972), 81, FIGS.12, 13 (A, B) Knauss, F.S. (ed.), Die unsterblichen Götter Griechenlands, Staatliche Antikensammlungen und Glyptothek München (Munich, 2012): 246, FIGS.16.5A-B (COLOUR OF A AND B)",
        "Decoration": "A,B: TRIPTOLEMOS ON WINGED CHARIOT BETWEEN DEMETER AND PERSEPHONE"
    },
    {
        "_id": 5,
        "fabric": "ATHENIAN",
        "CurrentCollection": "London, British Museum",
        "PreviousCollections": ["Rome, market, Basseggio"],
        "img": "https://i.ibb.co/jW2WB4P/ac001001.jpg",
        "PublicationRecord": "Corpus Vasorum Antiquorum: MUNICH, MUSEUM ANTIKER KLEINKUNST 8, 56-57, BEILAGE D4, PLS.(1816,1820,1830) 398.4,402.1-2,412.2 View Whole CVA Plates Crouwel, J.H., Chariots and other Wheeled Vehicles in Iron Age Greece, Allard Pierson Series 9 (Amsterdam, 1992): PL.26.3 (DRAWING OF PART) Jahrbuch des Deutschen Archäologischen Instituts: 87 (1972), 81, FIGS.12, 13 (A, B) Knauss, F.S. (ed.), Die unsterblichen Götter Griechenlands, Staatliche Antikensammlungen und Glyptothek München (Munich, 2012): 246, FIGS.16.5A-B (COLOUR OF A AND B)",
        "Decoration": "A,B: TRIPTOLEMOS ON WINGED CHARIOT BETWEEN DEMETER AND PERSEPHONE"
    },
    {
        "_id": 6,
        "fabric": "ATHENIAN",
        "CurrentCollection": "Munich, Antikensammlungen",
        "PreviousCollections": ["Munich, Antikensammlungen", "Rome, Candelori Collection, J989"],
        "img": "https://i.ibb.co/jW2WB4P/ac001001.jpg",
        "PublicationRecord": "Corpus Vasorum Antiquorum: MUNICH, MUSEUM ANTIKER KLEINKUNST 8, 56-57, BEILAGE D4, PLS.(1816,1820,1830) 398.4,402.1-2,412.2 View Whole CVA Plates Crouwel, J.H., Chariots and other Wheeled Vehicles in Iron Age Greece, Allard Pierson Series 9 (Amsterdam, 1992): PL.26.3 (DRAWING OF PART) Jahrbuch des Deutschen Archäologischen Instituts: 87 (1972), 81, FIGS.12, 13 (A, B) Knauss, F.S. (ed.), Die unsterblichen Götter Griechenlands, Staatliche Antikensammlungen und Glyptothek München (Munich, 2012): 246, FIGS.16.5A-B (COLOUR OF A AND B)",
        "Decoration": "A,B: TRIPTOLEMOS ON WINGED CHARIOT BETWEEN DEMETER AND PERSEPHONE"
    },
    {
        "_id": 7,
        "fabric": "ATHENIAN",
        "CurrentCollection": "Athens, private, P. Kanellopoulos",
        "PreviousCollections": [],
        "img": "https://i.ibb.co/jW2WB4P/ac001001.jpg",
        "PublicationRecord": "Corpus Vasorum Antiquorum: MUNICH, MUSEUM ANTIKER KLEINKUNST 8, 56-57, BEILAGE D4, PLS.(1816,1820,1830) 398.4,402.1-2,412.2 View Whole CVA Plates Crouwel, J.H., Chariots and other Wheeled Vehicles in Iron Age Greece, Allard Pierson Series 9 (Amsterdam, 1992): PL.26.3 (DRAWING OF PART) Jahrbuch des Deutschen Archäologischen Instituts: 87 (1972), 81, FIGS.12, 13 (A, B) Knauss, F.S. (ed.), Die unsterblichen Götter Griechenlands, Staatliche Antikensammlungen und Glyptothek München (Munich, 2012): 246, FIGS.16.5A-B (COLOUR OF A AND B)",
        "Decoration": "A,B: TRIPTOLEMOS ON WINGED CHARIOT BETWEEN DEMETER AND PERSEPHONE"
    },
    {
        "_id": 8,
        "fabric": "ATHENIAN",
        "CurrentCollection": "Malmaison, Empress Josephine, Paris, Musée du Louvre",
        "PreviousCollections": [],
        "img": "https://i.ibb.co/jW2WB4P/ac001001.jpg",
        "PublicationRecord": "Corpus Vasorum Antiquorum: MUNICH, MUSEUM ANTIKER KLEINKUNST 8, 56-57, BEILAGE D4, PLS.(1816,1820,1830) 398.4,402.1-2,412.2 View Whole CVA Plates Crouwel, J.H., Chariots and other Wheeled Vehicles in Iron Age Greece, Allard Pierson Series 9 (Amsterdam, 1992): PL.26.3 (DRAWING OF PART) Jahrbuch des Deutschen Archäologischen Instituts: 87 (1972), 81, FIGS.12, 13 (A, B) Knauss, F.S. (ed.), Die unsterblichen Götter Griechenlands, Staatliche Antikensammlungen und Glyptothek München (Munich, 2012): 246, FIGS.16.5A-B (COLOUR OF A AND B)",
        "Decoration": "A,B: TRIPTOLEMOS ON WINGED CHARIOT BETWEEN DEMETER AND PERSEPHONE"
    },
    {
        "_id": 10,
        "fabric": "ATHENIAN",
        "CurrentCollection": "Basel, market, Münzen und Medaillen A.G.",
        "PreviousCollections": [],
        "img": "https://i.ibb.co/jW2WB4P/ac001001.jpg",
        "PublicationRecord": "Corpus Vasorum Antiquorum: MUNICH, MUSEUM ANTIKER KLEINKUNST 8, 56-57, BEILAGE D4, PLS.(1816,1820,1830) 398.4,402.1-2,412.2 View Whole CVA Plates Crouwel, J.H., Chariots and other Wheeled Vehicles in Iron Age Greece, Allard Pierson Series 9 (Amsterdam, 1992): PL.26.3 (DRAWING OF PART) Jahrbuch des Deutschen Archäologischen Instituts: 87 (1972), 81, FIGS.12, 13 (A, B) Knauss, F.S. (ed.), Die unsterblichen Götter Griechenlands, Staatliche Antikensammlungen und Glyptothek München (Munich, 2012): 246, FIGS.16.5A-B (COLOUR OF A AND B)",
        "Decoration": "A,B: TRIPTOLEMOS ON WINGED CHARIOT BETWEEN DEMETER AND PERSEPHONE"
    },
    {
        "_id": 11,
        "fabric": "ATHENIAN",
        "CurrentCollection": "Geneva, market, Koutoulakis, Mannheim, Reiss-Museum, Basel, market, Münzen und Medaillen A.G., CG343",
        "PreviousCollections": [],
        "img": "https://i.ibb.co/jW2WB4P/ac001001.jpg",
        "PublicationRecord": "Corpus Vasorum Antiquorum: MUNICH, MUSEUM ANTIKER KLEINKUNST 8, 56-57, BEILAGE D4, PLS.(1816,1820,1830) 398.4,402.1-2,412.2 View Whole CVA Plates Crouwel, J.H., Chariots and other Wheeled Vehicles in Iron Age Greece, Allard Pierson Series 9 (Amsterdam, 1992): PL.26.3 (DRAWING OF PART) Jahrbuch des Deutschen Archäologischen Instituts: 87 (1972), 81, FIGS.12, 13 (A, B) Knauss, F.S. (ed.), Die unsterblichen Götter Griechenlands, Staatliche Antikensammlungen und Glyptothek München (Munich, 2012): 246, FIGS.16.5A-B (COLOUR OF A AND B)",
        "Decoration": "A,B: TRIPTOLEMOS ON WINGED CHARIOT BETWEEN DEMETER AND PERSEPHONE"
    }
    
]

