
[
  {"imageID": "PP-2-*1",
  "URL": "https://artefactimages.s3.ap-southeast-2.amazonaws.com/P-3-4.jpg",
  "artefactType": "Calyx-kraters",
  "painter": "TheDircegroup",
  "artefactNumber": "*1",
  "provenance": "Syracuse 36334, from the Fusco necropolis.",
  "physicalDimensions": "Ht. 42-5",
  "publications": "PP, no. 1, pi. 1 a; PPSupp, no. 1; LCS, p. 203, no. 26; Suppl. Ill, p. 99, no. 48; IGD III. 1,3; Gogos, OJh 55, 1984, p. 45, fig. 13; A.J. N. W . Prag, The Oresteia, pi. 35 d.",
  "description": "[a) Orestes, Electra and Pylades at the tomb of Agamemnon, [b) young satyr andmaenad."
  },
  
  {"imageID": "PP-2-2",
  "URL": "https://artefactimages.s3.ap-southeast-2.amazonaws.com/P-3-4.jpg",
  "artefactType": "Calyx-kraters",
  "painter": "TheDircegroup",
  "artefactNumber": "2",
  "provenance": "2 West Berlin F 3296, from Palazzuolo.",
  "physicalDimensions": "Ht. 52, diam. 51",
  "publications": "PP, no. 2, pis. 2 a and 3 a; PPSupp, no. 2; LCS, p. 203, no. 27; Suppl. Ill, p. 99, no. 49; vander Meer, BABesch 52-3, 1977-8, fig. 40; Trendall, Festschrift Hemelrijk, p. 159, fig. 2.",
  "description": "[a) Punishment of Dirce and Lykos, [b) maenad between two satyrs."
  },
  
  {"imageID": "PP-2-*3",
  "URL": "https://artefactimages.s3.ap-southeast-2.amazonaws.com/P-3-4.jpg",
  "artefactType": "Calyx-kraters",
  "painter": "TheDircegroup",
  "artefactNumber": "*3",
  "provenance": "Palermo 2198 (old no. 3480), from Gela. Rim broken off;",
  "physicalDimensions": "actual ht. 32-5",
  "publications": "LCS, p. 203, no. 28a, pi. 80,1 (reverse); Suppl. Ill, p. 99, no. 51.",
  "description": "[a) Standing draped woman, resting r. arm on pillar, Eros beside seated woman looking into mirror, half-draped youth; bust of silen, above, [b) draped woman with fillet in r. hand,young satyr bending forward with phiale in r. hand."
  },
  
  {"imageID": "PP-2-*4",
  "URL": "https://artefactimages.s3.ap-southeast-2.amazonaws.com/P-3-4.jpg",
  "artefactType": "Calyx-kraters",
  "painter": "TheDircegroup",
  "artefactNumber": "*4",
  "provenance": "Vatican U 21 (inv. 17969).",
  "physicalDimensions": "Ht. 42, diam. 40",
  "publications": "PP, no. 3, pi. 3 c (obverse); PPSupp, no. 3, pi. 2 a (reverse); LCS, p. 203, no. 28; Suppl. Ill,p. 99, no. 50.",
  "description": "[a) Three maenads and a satyr, [b) two draped youths."
  },
  
  {"imageID": "PP-2-*5",
  "URL": "https://artefactimages.s3.ap-southeast-2.amazonaws.com/P-3-4.jpg",
  "artefactType": "Calyx-kraters",
  "painter": "TheDircegroup",
  "artefactNumber": "*5",
  "provenance": "Vienna 986.",
  "physicalDimensions": "Ht. 37-5",
  "publications": "PP, no. 4, pi. 3 d; PPSupp, no. 4; LCS, p. 204, no. 29; Suppl. Ill, p. 99, no. 52; LIMC III,p. 923, Eros 872, pi. 658, 6.",
  "description": "[a) Maenad, with Eros, seated between two silens, [b) two draped women, 1. with thyrsus, r. with pomegranate and fillet.For the open box below the seated maenad to r., cf. no. 3."
  },
  
  {"imageID": "PP-2-6",
  "URL": "https://artefactimages.s3.ap-southeast-2.amazonaws.com/P-3-4.jpg",
  "artefactType": "Calyx-kraters",
  "painter": "TheDircegroup",
  "artefactNumber": "6",
  "provenance": "6 Madrid 11026 (L. 388).",
  "physicalDimensions": "Ht. 31",
  "publications": "PPSupp, no. 5, pi. 1 a and b; LCS, p. 204, no. 30; Suppl. Ill, p. 99, no. 53.",
  "description": "[a) Phlyax scene ó Zeus, with thunderbolt in 1. hand and stick in r., between two phlyakes, 1. with basket on his head, r. playing the flute, [b) two draped youths, 1. with thyrsus, r. with stick."
  },
  
  {"imageID": "PP-2-*7",
  "URL": "https://artefactimages.s3.ap-southeast-2.amazonaws.com/P-3-4.jpg",
  "artefactType": "Bell-kraters",
  "painter": "TheDircegroup",
  "artefactNumber": "*7",
  "provenance": "Syracuse 36332, from the Fusco necropolis.",
  "physicalDimensions": "Ht. 43-5",
  "publications": "PP, no. 5, pis. 2 A and 3 b; PPSupp, no. 6; LCS, p. 204, no. 31, pi. 80, 2; Suppl. Ill, p. 99, no. 54; Sikanie, figs. 283^; LIMC III, p. 662, Dolan 17, pi. 528, 1.",
  "description": "[a) Ambush of Dolon, [b) maenad seated between maenad and satyr."
  },
  
  {"imageID": "PP-2-*8",
  "URL": "https://artefactimages.s3.ap-southeast-2.amazonaws.com/P-3-4.jpg",
  "artefactType": "Bell-kraters",
  "painter": "TheDircegroup",
  "artefactNumber": "*8",
  "provenance": "Syracuse 36319, from the Fusco necropolis.",
  "physicalDimensions": "Ht 43-5",
  "publications": "PP, no. 6, pi. 1 b; PPSupp, no. 7; LCS, p. 204, no. 32; Suppl. Ill, p. 99, no. 55; van der Meer, BABesch 52-3, 1977-8, fig. 86; Jobst, Die Hohle, fig. 18; Vernant and Vidal-Nacquet,Tragedy and Myth in ancient Greece, pi. 4.",
  "description": "(a) Philoctetes, [b) maenad between two satyrs (the head of the maenad and the upper part of the satyr to r. are missing)."
  },
  
  {"imageID": "PP-2-*9",
  "URL": "https://artefactimages.s3.ap-southeast-2.amazonaws.com/P-3-4.jpg",
  "artefactType": "Bell-kraters",
  "painter": "TheDircegroup",
  "artefactNumber": "*9",
  "provenance": "Agrigento 11431, from Monte Adranone, T. 1.",
  "physicalDimensions": "Ht. 33",
  "publications": "Suppl. I, p. 37, no. 33 a, pi. 8, 3: Suppl. Ill, p. 99, no. 57.",
  "description": "(a) Young satyr with phiale and dish, bending forward in front of seated maenad, with thyrsus in r. hand, [b) two draped youths, 1. with thyrsus, r. with stick."
  },
  
  {"imageID": "PP-2-10",
  "URL": "https://artefactimages.s3.ap-southeast-2.amazonaws.com/P-3-4.jpg",
  "artefactType": "Bell-kraters",
  "painter": "TheDircegroup",
  "artefactNumber": "10",
  "provenance": "Louvre K 249.",
  "physicalDimensions": "Ht. 30",
  "publications": "Passeri, pi. 128; LCS, p. 204, no. 33, pi. 80, 3 ^ ; Suppl. Ill, p. 99, no. 58.",
  "description": "[a) Young satyr with tambourine, bending forward in front of seated meanad with thyrsus, [b) maenad running to r., with thyrsus in r. hand, cista and fillet in 1. The head of the thyrsus carried by the maenad on the reverse finds a close parallel in that held by the youth to 1. on the reverse of Madrid 11026 (no. 6)."
  },
  
  {"imageID": "PP-2-18",
  "URL": "https://artefactimages.s3.ap-southeast-2.amazonaws.com/P-3-4.jpg",
  "artefactType": "Bell-kraters",
  "painter": "TheDircegroup",
  "artefactNumber": "18",
  "provenance": "Naples 2097 (inv. 81465).",
  "physicalDimensions": "Ht. 37, diam. 38-5",
  "publications": "PP, no. 7; PPSupp, no. 8; LCS, p. 206, no. 42, pi. 81,5; Suppl. Ill, p. 101, no. 69.",
  "description": "[a) Standing maenad with thyrsus and tambourine, seated maenad, with thyrsus, beside a cista (cf. nos. 16 and 20), silen bending forward, [b) satyr pursuing maenad."
  },
  
  {"imageID": "PP-2-19",
  "URL": "https://artefactimages.s3.ap-southeast-2.amazonaws.com/P-3-4.jpg",
  "artefactType": "Bell-kraters",
  "painter": "TheDircegroup",
  "artefactNumber": "19",
  "provenance": "Once Deepdene, Hope coll. 263.",
  "physicalDimensions": "Ht. 38",
  "publications": "PP, no. 18; PPSupp, no. 22; LCS, p. 206, no. 43; Suppl. Ill, p. 101, no. 70.",
  "description": "[a) Young satyr with thyrsus, seated maenad resting 1. hand on tambourine, Dionysos with thyrsus, maenad holding chequered cista, [b) maenad and satyr."
  },
  
  {"imageID": "PP-2-*23",
  "URL": "https://artefactimages.s3.ap-southeast-2.amazonaws.com/P-3-4.jpg",
  "artefactType": "Bell-kraters",
  "painter": "TheDircegroup",
  "artefactNumber": "*23",
  "provenance": "Naples 2074 (inv. 81437).",
  "physicalDimensions": "Ht. 33",
  "publications": "LCS, p. 206, no. 41, pi. 81, 3-4; Suppl. Ill, p. 101, no. 68.",
  "description": "[a) Young satyr, playing the flute, Dionysos holding thyrsus from which a bell is suspended, maenad with tambourine, all running to 1., [b) draped youth, with thyrsus, and half-draped youth."
  },
  
  {"imageID": "PP-2-24",
  "URL": "https://artefactimages.s3.ap-southeast-2.amazonaws.com/P-3-4.jpg",
  "artefactType": "Bell-kraters",
  "painter": "TheDircegroup",
  "artefactNumber": "24",
  "provenance": "Naples, private coll. (1) 508.",
  "physicalDimensions": "Ht. 37-5, diam. 37-5",
  "publications": "LCS, Suppl. Ill, p. 101, no. 70 a.",
  "description": "(a) Silen bending forward over raised 1. foot to offer a kantharos to Dionysos who is seated and holds a thyrsus in his 1. hand, standing maenad with sash; above, to 1., bust of woman, looking at a mirror she holds in her r. hand, [b) young satyr and draped woman, each holding bead-chains."
  },
  
  {"imageID": "PP-2-*25",
  "URL": "https://artefactimages.s3.ap-southeast-2.amazonaws.com/P-3-4.jpg",
  "artefactType": "Bell-kraters",
  "painter": "TheDircegroup",
  "artefactNumber": "*25",
  "provenance": "Melbourne, Graham Geddes coll. C 1: 2, ex London Market, Sotheby, Sale Cat. 19 May 1986,no. 250; 9 July 1974, no. 95, ill. on p. 67 (formerly in Alnwick Castle, then Faustus Gallery,London).",
  "physicalDimensions": "Ht. 34-3",
  "publications": "LCS, Suppl. Ill, p. 101, no. 71.",
  "description": "(a) Satyr leaning against tree-trunk conversing with a small Eros above, seated woman turning her head to r. towards a half-draped youth holding a thyrsus, [b) maened, with beadchain in r. hand and tambourine in 1., young satyr bending forward; between them, a duck."
  },
  
  {"imageID": "PP-2-26",
  "URL": "https://artefactimages.s3.ap-southeast-2.amazonaws.com/P-3-4.jpg",
  "artefactType": "Bell-kraters",
  "painter": "TheDircegroup",
  "artefactNumber": "26",
  "provenance": "Odessa 23092.",
  "physicalDimensions": "Ht. 35",
  "publications": "The Odessa Archaeological Museum (1983), p. 187, no. 251, colour-ill. on p. 138; ex coll. Dr. B.",
  "description": "(a) Young satyr bending forward over raised 1. leg, holding egg in r. hand, standing draped woman with wreath, [b)?"
  },
  
  {"imageID": "PP-2-11",
  "URL": "https://artefactimages.s3.ap-southeast-2.amazonaws.com/P-3-4.jpg",
  "artefactType": "Bell-kraters",
  "painter": "TheDircegroup",
  "artefactNumber": "11",
  "provenance": "Voronezh (ex Dorpat 109).",
  "physicalDimensions": "Ht. 38-5",
  "publications": "LCS, p. 204, no. 35; Suppl. Ill, p. 100, no. 60.",
  "description": "[a) Kneeling Greek, with shield and spear, attacked with spear by mounted Amazon, [b) two draped youths."
  },
  
  {"imageID": "PP-2-33",
  "URL": "https://artefactimages.s3.ap-southeast-2.amazonaws.com/P-3-4.jpg",
  "artefactType": "Bell-kraters",
  "painter": "TheDircegroup",
  "artefactNumber": "33",
  "provenance": "Louvre G 517.",
  "physicalDimensions": "Ht. 35",
  "publications": "LCS, p. 207, no. 51; Suppl. Ill, p. 101, no. 72.",
  "description": "(a) Standing woman and seated woman between two youths with spears, [b) two draped woman and a youth."
  },
  
  {"imageID": "PP-2-12",
  "URL": "https://artefactimages.s3.ap-southeast-2.amazonaws.com/P-3-4.jpg",
  "artefactType": "Skyphos (frr.)",
  "painter": "TheDircegroup",
  "artefactNumber": "12",
  "provenance": "Gela, from the Acropolis.",
  "physicalDimensions": "Max. ht. 10",
  "publications": "NSc 1962, p. 366, no. 4 and p. 368, fig. 30; LCS, p. 206, no. 46; Suppl. Ill, p. 102, no. 79.",
  "description": "Seated draped woman, with a himation with a dot-stripe border over her legs; part of a youth, holding a staff."
  },
  
  {"imageID": "PP-2-13",
  "URL": "https://artefactimages.s3.ap-southeast-2.amazonaws.com/P-3-4.jpg",
  "artefactType": "Calyx-kraters",
  "painter": "TheDircegroup",
  "artefactNumber": "13",
  "provenance": "Lipari inv. 168 F, from T. 24.",
  "physicalDimensions": "Ht. 37-5",
  "publications": "PPSupp, no. 11, pi. 2 b; LCS, p. 205, no. 36, pi. 81, 1-2; Suppl. Ill, p. 100, no. 61; MTL, p. 261, fig. 417.",
  "description": "[a) Woman with ivy-wreath and palm-branch seated between silen, with wine-skin and dish of eggs, and Dionysos with thyrsus, [b) two draped women, 1. with thyrsus, r. with fillet."
  },
  
  {"imageID": "PP-2-*14",
  "URL": "https://artefactimages.s3.ap-southeast-2.amazonaws.com/P-3-4.jpg",
  "artefactType": "Calyx-kraters",
  "painter": "TheDircegroup",
  "artefactNumber": "*14",
  "provenance": "Copenhagen, N.M. 9183.",
  "physicalDimensions": "Ht. 35, diam. 33",
  "publications": "PP, no. 13; PPSupp, no. 12; LCS, p. 205, no. 37; Suppl. Ill, p. 101, no. 63.",
  "description": "(a) Satyr bending forward in front of seated half-draped women, holding mirror, standing draped woman with egg and thyrsus, [b) young satyr with thyrsus, and draped woman with fillet."
  },
  
  {"imageID": "PP-2-*15",
  "URL": "https://artefactimages.s3.ap-southeast-2.amazonaws.com/P-3-4.jpg",
  "artefactType": "Calyx-kraters",
  "painter": "TheDircegroup",
  "artefactNumber": "*15",
  "provenance": "Los Angeles, Dechter coll., ex London Market, Christie's, Sale Cat. 12 Dec. 1984, no. 128, ill. on p. 25.",
  "physicalDimensions": "Ht. 30, diam. 30-5",
  "publications": "Ex Erbach 30; PPSupp, no. 13; LCS, p. 205, no. 38; Suppl. Ill, p. 101, no. 64.",
  "description": "[a) Centaur with tree-trunk attacking warrior holding spear and shield; aboveóbust of satyr, looking down from behind raised ground, [b) two draped women, 1. with wreath and thyrsus, r. holding up mirror."
  },
  
  {"imageID": "PP-2-16",
  "URL": "https://artefactimages.s3.ap-southeast-2.amazonaws.com/P-3-4.jpg",
  "artefactType": "Calyx-kraters",
  "painter": "TheDircegroup",
  "artefactNumber": "16",
  "provenance": "Louvre K 234.",
  "physicalDimensions": "Ht. 36",
  "publications": "LCS, p. 205, no. 39; Suppl. Ill, p. 101, no. 65.",
  "description": "[a) Dionysos, with spray and thyrsus, seated between nude maenad, with mirror and thyrsus, and capering silen; above, bust of silen, [b) standing draped woman, holding fillet and thyrsus, silen bending forward with bead-chain in both hands."
  },
  
  {"imageID": "PP-2-17",
  "URL": "https://artefactimages.s3.ap-southeast-2.amazonaws.com/P-3-4.jpg",
  "artefactType": "Calyx-kraters",
  "painter": "TheDircegroup",
  "artefactNumber": "17",
  "provenance": "Louvre K 237.",
  "physicalDimensions": "Ht. 31, diam. 30",
  "publications": "PP, no. 14; PPSupp, no. 20; LCS, p. 206, no. 40, pi. 81,6; Suppl. Ill, p. 101, no. 66.",
  "description": "(a) Standing maenad with thyrsus and phiale, seated maenad with thyrsus, towards whom Eros bends forward with phiale and mirror, [b) seated half-draped maenad with thyrsus, standing maenad with phiale and bead-wreath in r. hand, thyrsus in 1."
  },
  
  {"imageID": "PP-2-20",
  "URL": "https://artefactimages.s3.ap-southeast-2.amazonaws.com/P-3-4.jpg",
  "artefactType": "Krater fragments",
  "painter": "TheDircegroup",
  "artefactNumber": "20",
  "provenance": "Mainz, R G Z M 0.13000.",
  "physicalDimensions": "Max. ht. 14",
  "publications": "CVA 2, pi. 15,4; LCS, Suppl. Ill, p. 101, no. 67.",
  "description": "Satyr holding egg, woman seated above cista (as on nos. 21 and 22), lower part of standing draped woman."
  },
  
  {"imageID": "PP-2-21",
  "URL": "https://artefactimages.s3.ap-southeast-2.amazonaws.com/P-3-4.jpg",
  "artefactType": "Krater fragments",
  "painter": "TheDircegroup",
  "artefactNumber": "21",
  "provenance": "Rennes D 895.1.67.",
  "physicalDimensions": "Max. ht. 12-5",
  "publications": "CVA, pi. 26,4 (where classed as Attic ?); LCS, Suppl. Ill, p. 99, no. 58.",
  "description": "Lower part of seated draped woman."
  },
  
  {"imageID": "PP-2-22",
  "URL": "https://artefactimages.s3.ap-southeast-2.amazonaws.com/P-3-4.jpg",
  "artefactType": "Krater fragments",
  "painter": "TheDircegroup",
  "artefactNumber": "22",
  "provenance": "Naples R C 265 (inv. 86405 = Heyd. 47), from Cumae.",
  "physicalDimensions": "Ht. 18, diam. 35",
  "publications": "PP, no. 8, fig. 3; PPSupp, no. 9; LCS, p. 204, no. 34; Suppl. Ill, p. 99, no. 59.",
  "description": "[a) Eros, with dish held in both hands, kneeling in front of seated w o m a n with a fillet in each hand, [b) Eros, with wreath in r. hand and bird in 1., kneeling beside seated w o m a n with r. hand on box."
  },
  
  {"imageID": "PP-2-*27",
  "URL": "https://artefactimages.s3.ap-southeast-2.amazonaws.com/P-3-4.jpg",
  "artefactType": "Lekanis lid (fir.)",
  "painter": "TheDircegroup",
  "artefactNumber": "*27",
  "provenance": "Paestum, from S. Venera (11 May 1976).",
  "physicalDimensions": "Diam. c. 22",
  "publications": "",
  "description": "Seated woman, holding phiale in r. hand; part of a young satyr, bending forward behind her."
  },
  
  {"imageID": "PP-2-28",
  "URL": "https://artefactimages.s3.ap-southeast-2.amazonaws.com/P-3-4.jpg",
  "artefactType": "Pelikai",
  "painter": "TheDircegroup",
  "artefactNumber": "28",
  "provenance": "Rome, private coll.",
  "physicalDimensions": "Ht. 22",
  "publications": "dell' Osso, ArchCl 27, 1975, p. 346, no. 1, pis. 88 and 89,1 (where it is classed as Apulian); LCS, Suppl. Ill, p. 102, no. 74.",
  "description": "(a) Young satyr with wine-skin in r. hand and torch in 1., [b) draped woman with thyrsus."
  },
  
  {"imageID": "PP-2-29",
  "URL": "https://artefactimages.s3.ap-southeast-2.amazonaws.com/P-3-4.jpg",
  "artefactType": "Pelikai",
  "painter": "TheDircegroup",
  "artefactNumber": "29",
  "provenance": "Once Los Angeles Market, Summa Galleries, inv. 247.",
  "physicalDimensions": "Ht. 32",
  "publications": "Cat. 1 (Dec. 1976), no. 34 (ill.); LCS, Suppl. Ill, p. 102, no. 73.",
  "description": "(a) Nude woman with drapery over arms and behind her back at a laver with a nude, satyr; above: lion-spout; below to r. inverted pointed amphora, [b) two nude women at a,laver; above: tambourine."
  },
  
  {"imageID": "PP-2-30",
  "URL": "https://artefactimages.s3.ap-southeast-2.amazonaws.com/P-3-4.jpg",
  "artefactType": "Skyphoi",
  "painter": "TheDircegroup",
  "artefactNumber": "30",
  "provenance": "San Simeon 5426 (SSW 9847).",
  "physicalDimensions": "Ht. 22-1",
  "publications": "LCS, p. 206, no. 48 (where inventory nos. are incorrect); Suppl. Ill, p. 102, no. 76.",
  "description": "(a) Two maenads with thyrsi, [b) young satyr pursuing maenad."
  },
  
  {"imageID": "PP-2-31",
  "URL": "https://artefactimages.s3.ap-southeast-2.amazonaws.com/P-3-4.jpg",
  "artefactType": "Skyphoi",
  "painter": "TheDircegroup",
  "artefactNumber": "31",
  "provenance": "B.M. F 129, from Nola (Blacas Tomb).",
  "physicalDimensions": "Ht. 22",
  "publications": "PP, no. 23; PPSupp, no. 29; LCS, p. 206, no. 49; Suppl. Ill, p. 102, no. 77. On the Blacas, Tomb see Corbett, JHS 80, 1960, p. 59, pi. 4.",
  "description": "(a) Woman bending forward in front of seated woman, [b) similar, but the positions are,reversed and the seated woman rests her r. hand on a tambourine (cf. no. 19)."
  },
  
  {"imageID": "PP-2-32",
  "URL": "https://artefactimages.s3.ap-southeast-2.amazonaws.com/P-3-4.jpg",
  "artefactType": "Skyphoi",
  "painter": "TheDircegroup",
  "artefactNumber": "32",
  "provenance": "B.M. F 130, from Nola (Blacas Tomb).",
  "physicalDimensions": "Ht. 22-5.",
  "publications": "PP, no. 24; PPSupp, no. 30; LCS, p. 207, no. 50; Suppl. Ill, p. 102, no. 78.",
  "description": "[a) Seated silen facing draped woman holding fillet and thyrsus, [b) silen pursuing, maenad."
  },
  
  {"imageID": "PP-2-37",
  "URL": "https://artefactimages.s3.ap-southeast-2.amazonaws.com/P-3-4.jpg",
  "artefactType": "Skyphoi",
  "painter": "TheDircegroup",
  "artefactNumber": "37",
  "provenance": "Laon 37.1074.",
  "physicalDimensions": "Ht. 15-8",
  "publications": "LCS, p. 206, no. 47; Suppl. Ill, p. 102, no. 80.",
  "description": "[a) Woman with dish of eggs (cf. no. 13) and fillet in 1. hand, thyrsus in r., moving to 1.[b) young satyr with thyrsus and tambourine."
  },
  
  {"imageID": "PP-2-38",
  "URL": "https://artefactimages.s3.ap-southeast-2.amazonaws.com/P-3-4.jpg",
  "artefactType": "Skyphoi",
  "painter": "TheDircegroup",
  "artefactNumber": "38",
  "provenance": "Udine 1538.",
  "physicalDimensions": "Ht. 14",
  "publications": "LCS, Suppl. II, p. 184, no. 52s; Suppl. Ill, p. 102, no. 82; Borda, Ceramica italiota, no. 5 (ill.).",
  "description": "(a) Draped w o m a n with thyrsus in r. hand, [b) young satyr with thyrsus."
  },
  
  {"imageID": "PP-2-39",
  "URL": "https://artefactimages.s3.ap-southeast-2.amazonaws.com/P-3-4.jpg",
  "artefactType": "Skyphoi",
  "painter": "TheDircegroup",
  "artefactNumber": "39",
  "provenance": "Vatican U 5 2 (inv. 18000).",
  "physicalDimensions": "Ht. 16",
  "publications": "LCS, p. 207, no. 52; Suppl. Ill, p. 102, no. 81.",
  "description": "(a) Woman , with wreath and tambourine, running to 1., [b) capering satyr.The floral is similar to those on nos. 25 and 33; the satyr to those on nos. 23 and 36."
  },
  
  {"imageID": "PP-2-*34",
  "URL": "https://artefactimages.s3.ap-southeast-2.amazonaws.com/P-3-4.jpg",
  "artefactType": "Neck-amphora",
  "painter": "TheDircegroup",
  "artefactNumber": "*34",
  "provenance": "Tirana, Arch. Mus., inv. 68, from Dyrrachium.",
  "physicalDimensions": "Ht. 51",
  "publications": "Shqiperia Arkeologjike, pi. 105 (obverse); L'arte albanese nei secoli (Exhibition Cat., Pigorini, Rome, Feb.-May 1985), p. 46, no. 181, ill. (reverse); LCS, Suppl. Ill, p. 100.",
  "description": "(a) Amazonomachyótwo Greek warriors and a mounted Amazon, [b) woman, holding mirror, seated between standing woman and bearded silen.Neck: [a) and [b) frontal owl, between olive branches."
  },
  
  {"imageID": "PP-2-35",
  "URL": "https://artefactimages.s3.ap-southeast-2.amazonaws.com/P-3-4.jpg",
  "artefactType": "Lekanis lids",
  "painter": "TheDircegroup",
  "artefactNumber": "35",
  "provenance": "Basel, private coll.",
  "physicalDimensions": "Diam. 18",
  "publications": "LCS, Suppl. Ill, p. 102, no. 75.",
  "description": "Seated woman with outstretched arms; silen seated beside rock; seated Eros with outspread wings."
  },
  
  {"imageID": "PP-2-36",
  "URL": "https://artefactimages.s3.ap-southeast-2.amazonaws.com/P-3-4.jpg",
  "artefactType": "Lekanis lids",
  "painter": "TheDircegroup",
  "artefactNumber": "36",
  "provenance": "Mainz, R G Z M 0.12946.",
  "physicalDimensions": "19-4 x 23",
  "publications": "CVA 2, pi. 15,5; LCS, Suppl. Ill, p. 102, no. 86.",
  "description": "Kneeling satyr with mirror, upper parts of seated woman and Eros."
  },
  
  {"imageID": "PP-2-40",
  "URL": "https://artefactimages.s3.ap-southeast-2.amazonaws.com/P-3-4.jpg",
  "artefactType": "Oenochoe (shape 3)",
  "painter": "TheDircegroup",
  "artefactNumber": "40",
  "provenance": "Heligoland, Kropatschek coll. 114.",
  "physicalDimensions": "Ht. 18-5",
  "publications": "Kat. Hamburg, no. 307 (ill.); Kat. Kropatschek, p. 191, no. 114 (ill.); Suppl. Ill, p. 102 no. 85.",
  "description": "Young satyr capering, with small phiale and twig.Cf. with reverse of no. 39."
  },
  
  {"imageID": "PP-2-41",
  "URL": "https://artefactimages.s3.ap-southeast-2.amazonaws.com/P-3-4.jpg",
  "artefactType": "Squat lekythos",
  "painter": "TheDircegroup",
  "artefactNumber": "41",
  "provenance": "Warsaw 147300.",
  "physicalDimensions": "Ht. 22",
  "publications": "CVA 5 (Poland 8), IV Dr, pi. 17.",
  "description": "Young satyr, playing the flute, and moving to 1. towards an altar.Dr. Marie-Louise Bernhard in the text to the CVA (p. 17) assigns this vase to the fabric of Paestum; it certainly has stylistic affinities with some of the earlier vases in Chapter IV, but seems better placed here, since the floral is closer to those on nos. 25 and 33; the palmette scroll also finds a parallel on no. 36, as does the young satyr."
  },
  {"imageID": "PP-3-84",
  "URL": "https://artefactimages.s3.ap-southeast-2.amazonaws.com/P-3-4.jpg",
  "artefactType": "Bell-kraters",
  "painter": "THE SCOGLITTI PAINTER",
  "artefactNumber": "84",
  "provenance": "Syracuse 14625, from Scoglitti, T. 277.",
  "physicalDimensions": "Ht. 37",
  "publications": "LCS, p. 217, no. 96, pi. 85,5; Suppl. Ill, p. Ill, no. 147.",
  "description": "(a) Maenad, with oenochoe in r. hand and drinking-horn in 1., standing in front of halfdraped Dionysos, seen in three-quarter view, with thyrsus in 1. hand, [b) two draped youths, with thick dot-stripe borders to their himatia."
  },
  
  {"imageID": "PP-3-*85",
  "URL": "https://artefactimages.s3.ap-southeast-2.amazonaws.com/P-3-4.jpg",
  "artefactType": "Bell-kraters",
  "painter": "THE SCOGLITTI PAINTER",
  "artefactNumber": "*85",
  "provenance": "Syracuse 51282, from Sicily.",
  "physicalDimensions": "Ht. 36, diam. 32",
  "publications": "PPSupp, no. 25; LCS, p. 217, no. 97; Suppl. Ill, p. Ill, no. 148.",
  "description": "(a) Young satyr with oenochoe in r. hand holds out kantharos in 1. to Dionysos, who holds a thyrsus and leans slightly forward, [b) two draped youths, 1. with stick, r. with ball."
  },
  
  {"imageID": "PP-3-88",
  "URL": "https://artefactimages.s3.ap-southeast-2.amazonaws.com/P-3-4.jpg",
  "artefactType": "Bell-kraters",
  "painter": "THE SCOGLITTI PAINTER",
  "artefactNumber": "88",
  "provenance": "Ragusa, private coll., from Sicily (Messina ?).",
  "physicalDimensions": "Ht. 36",
  "publications": "LCS, p. 217, no. 98, pi. 86, 1-2; Suppl. Ill, p. 106, no. 109.",
  "description": "(a) Maenad with thyrsus and dish with grapes and fruit standing in front of seated woman holding phiale, [b) draped youth and draped woman."
  }
  ,
  {"imageID": "PP-3-89",
  "URL": "https://artefactimages.s3.ap-southeast-2.amazonaws.com/P-3-4.jpg",
  "artefactType": "Bell-kraters",
  "painter": "THE SCOGLITTI PAINTER",
  "artefactNumber": "89",
  "provenance": "Catania, University, Arch. Inst. 9422.",
  "physicalDimensions": "Ht. 36",
  "publications": "LCS, p. 217, no. 99; Suppl. Ill, p. Ill, no. 149.",
  "description": "(a) Seated half-draped youth and standing youth with ball, [b) draped woman playing the flute, and youth with oenochoe and scarf."
  },
  
  {"imageID": "PP-3-*86",
  "URL": "https://artefactimages.s3.ap-southeast-2.amazonaws.com/P-3-4.jpg",
  "artefactType": "Calyx-kraters",
  "painter": "THE SCOGLITTI PAINTER",
  "artefactNumber": "*86",
  "provenance": "Louvre K235.",
  "physicalDimensions": "Ht. 32-5 (incl. modern foot), diam. 32-5.",
  "publications": "PP, no. 11; PPSupp, no. 19; LCS, p. 217, no. 94; Suppl. Ill, p. Ill, no. 151.",
  "description": "(a) Woman with fillet and box moving to 1., followed by bearded silen with thyrsus (b) two draped youths, 1. with stick; small stele between them."
  },
  
  {"imageID": "PP-3-87",
  "URL": "https://artefactimages.s3.ap-southeast-2.amazonaws.com/P-3-4.jpg",
  "artefactType": "Calyx-kraters",
  "painter": "THE SCOGLITTI PAINTER",
  "artefactNumber": "87",
  "provenance": "Naples 146775, from Castelcapuano, T. 16.",
  "physicalDimensions": "Ht. 25, diam. 22",
  "publications": "PP, no. 12; PPSupp, no. 18; Pesce, NSc 1935, pp. 269-70, fig. 9; LCS, p. 217, no. 95; Suppl.",
  "description": "(a) Woman with box and fillet running to r. and looking back to 1., [b) draped youth between two stelai."
  },
  
  {"imageID": "PP-4-*1",
  "URL": "https://artefactimages.s3.ap-southeast-2.amazonaws.com/P-3-4.jpg",
  "artefactType": "Neck-amphora",
  "painter": "THE PAINTER OF THE GENEVA ORESTES",
  "artefactNumber": "*1",
  "provenance": "Geneva H R 29.",
  "physicalDimensions": "Ht. 42-3",
  "publications": "Chamay, La Guerre de Troie, pp. 24ó5, ill. on p. 25; Genava 33, 1985, p. 185, fig. 1; Le Peinlre de Darius et son milieu [ 1986), pp. 264ó9, with colour ill. on p. 29; detail, Musees de Geneve 265, May 1986, p. 17.",
  "description": "(a) Orestes and Pylades at the tomb of Agamemnon, on the base of which Electra is kneeling, a phiale in her 1. hand and her r. on top of a hydria; aboveóbusts of two Furies [b) nude youth with strigil and stick between draped youth (A 1) and draped woman, each with spray. Neck: (a) Siren, holding fillet and tambourine, [b) female head in profile to 1."
  },
  
  {"imageID": "PP-4-*2",
  "URL": "https://artefactimages.s3.ap-southeast-2.amazonaws.com/P-3-4.jpg",
  "artefactType": "Fragment (of a neck-amphora)",
  "painter": "THE PAINTER OF THE GENEVA ORESTES",
  "artefactNumber": "*2",
  "provenance": "New York 1985.74. Gift of D. von Bothmer.",
  "physicalDimensions": "9-6 x 11-95",
  "publications": "",
  "description": "Upper part of woman, with basket upon her head, clasping the shaft of an Ionic column (from a funerary monument) with her r. hand."
  },
  
  {"imageID": "PP-4-*3",
  "URL": "https://artefactimages.s3.ap-southeast-2.amazonaws.com/P-3-4.jpg",
  "artefactType": "Hydria",
  "painter": "THE PAINTER OF THE GENEVA ORESTES",
  "artefactNumber": "*3",
  "provenance": "Madrid 11138 (L. 422).",
  "physicalDimensions": "Ht. 37",
  "publications": "PP, no. 81; PPSupp, no. 88.",
  "description": "Eros bending forward to 1., holding open wreath in both hands, between, to 1., standing draped woman with fillet in r., cista and wreath in 1. and, to r., draped woman holding mirror.Below the handles: 1., female head; r., head of youth (Hermes ?), wearing petasos."
  },
  
  {"imageID": "PP-4-*4",
  "URL": "https://artefactimages.s3.ap-southeast-2.amazonaws.com/P-3-4.jpg",
  "artefactType": "Lebes gamikos",
  "painter": "THE PAINTER OF THE GENEVA ORESTES",
  "artefactNumber": "*4",
  "provenance": "Paestum IV/452, from the area of the Heraion, Loc. IV.",
  "physicalDimensions": "Ht. (to top of vase) 14",
  "publications": "PP-s, N F 6; PAdd, no. A 33.",
  "description": "(a) Nude woman seated on pillar, holding phiale in 1. hand, [b) Eros running to 1."
  },
  
  {"imageID": "PP-4-*5",
  "URL": "https://artefactimages.s3.ap-southeast-2.amazonaws.com/P-3-4.jpg",
  "artefactType": "Fragments",
  "painter": "THE PAINTER OF THE GENEVA ORESTES",
  "artefactNumber": "*5",
  "provenance": "Paestum 3907 BA, from a building near the Temenos.",
  "physicalDimensions": "",
  "publications": "PAdd, no. A 131.",
  "description": "Upper part of bearded silen, bending forward.From a skyphos."
  },
  
  {"imageID": "PP-4-6",
  "URL": "https://artefactimages.s3.ap-southeast-2.amazonaws.com/P-3-4.jpg",
  "artefactType": "Fragments",
  "painter": "THE PAINTER OF THE GENEVA ORESTES",
  "artefactNumber": "6",
  "provenance": "Paestum 6455, from Contrada Laghetto (1956), sporadic.",
  "physicalDimensions": "8 x 9-5",
  "publications": "",
  "description": "Forepart of a male figure striding forward to 1.For the palmette and floral cf. no. 4 above.From a krater."
  },
  
  {"imageID": "PP-7-*227",
  "URL": "https://artefactimages.s3.ap-southeast-2.amazonaws.com/P-3-4.jpg",
  "artefactType": "Neck-amphorae",
  "painter": "EARLY WORK_THE ALTAVILLA GROUP",
  "artefactNumber": "*227",
  "provenance": "Salerno, Mus. Prov., from Pontecagnano.",
  "physicalDimensions": "Ht. 42-5",
  "publications": "Patroni, VP, figs. 52-3; PPSupp, no. 80, pi. 10*.",
  "description": "[a) Nude youth, wearing pilos, bending forward in front of standing draped woman holding sreath, [b) A3r, with 'skewer of fruit', + A2r.Neck: (a) female head, [b) bird."
  },
  
  {"imageID": "PP-7-*228",
  "URL": "https://artefactimages.s3.ap-southeast-2.amazonaws.com/P-3-4.jpg",
  "artefactType": "Neck-amphorae",
  "painter": "EARLY WORK_THE ALTAVILLA GROUP",
  "artefactNumber": "*228",
  "provenance": "Salerno, Mus. Prov., from Altavilla.",
  "physicalDimensions": "Ht. 44",
  "publications": "PPSupp, no. 79, pi. 10 a; Patroni, VP, figs. 40-1.",
  "description": "(a) Nude youth, with phiale in 1. hand, drapery over both arms, standing draped woman, holding cista in 1., [b) A31 + A2r; between them, a palmette.Neck: [a) and [b) female head."
  },
  
  {"imageID": "PP-7-*229",
  "URL": "https://artefactimages.s3.ap-southeast-2.amazonaws.com/P-3-4.jpg",
  "artefactType": "Neck-amphorae",
  "painter": "EARLY WORK_THE ALTAVILLA GROUP",
  "artefactNumber": "*229",
  "provenance": "Woburn Abbey.",
  "physicalDimensions": "Ht. 37",
  "publications": "PAdd, no. A 16, pi. 2 a'.",
  "description": "[a) Bearded silen with phiale and thyrsus standing in front of seated half-draped Dionysos, holding thyrsus in 1. hand, [b) A3c + A2r, both with sticks."
  },
  
  {"imageID": "PP-7-*230",
  "URL": "https://artefactimages.s3.ap-southeast-2.amazonaws.com/P-3-4.jpg",
  "artefactType": "Neck-amphorae",
  "painter": "EARLY WORK_THE ALTAVILLA GROU",
  "artefactNumber": "*230",
  "provenance": "Salerno (Soprintendenza), from Montesarchio, T. 1713.",
  "physicalDimensions": "Ht. 36-5",
  "publications": "",
  "description": "(a) Papposilen playing the cithara in front of seated Dionysos, holding thyrsus in 1. hand; female mask, in profile to 1., suspended above, [b) A3c + A2r, with fillet; both with sticks.The obverse is close to that of no. 171, attributed to Asteas."
  },
  
  {"imageID": "PP-7-*231",
  "URL": "https://artefactimages.s3.ap-southeast-2.amazonaws.com/P-3-4.jpg",
  "artefactType": "Neck-amphorae",
  "painter": "EARLY WORK_THE ALTAVILLA GROUP",
  "artefactNumber": "*231",
  "provenance": "Louvre K 247.",
  "physicalDimensions": "Ht. 34, diam. 32",
  "publications": "PP, no. 57, pi. 12 a; PPSupp, no. 71, pi. 9 c.",
  "description": "(a) Young Pan-satyr, with egg in r. hand, egg and wreath in 1., facing Dionysos, who bends slightly towards him, with wreath and thyrsus in r. hand, drapery round legs,{b) A3c -I- A2r, both with sticks,"
  },
  
  {"imageID": "PP-7-*232",
  "URL": "https://artefactimages.s3.ap-southeast-2.amazonaws.com/P-3-4.jpg",
  "artefactType": "Neck-amphorae",
  "painter": "EARLY WORK_THE ALTAVILLA GROUP",
  "artefactNumber": "*232",
  "provenance": "Plymouth, City Museum.",
  "physicalDimensions": "Ht. 33-75",
  "publications": "PAdd, no. A 15, pi. 2 c.",
  "description": "[a) Seated Dionysos with thyrus, 'skewer of fruit' in 1. hand, facing young satyr, who bends forward towards him, [b) A3c, with stick, + A2r, with 'skewer of fruit'."
  },
  
  {"imageID": "PP-7-*233",
  "URL": "https://artefactimages.s3.ap-southeast-2.amazonaws.com/P-3-4.jpg",
  "artefactType": "Neck-amphorae",
  "painter": "EARLY WORK_THE ALTAVILLA GROUP",
  "artefactNumber": "*233",
  "provenance": "Poughkeepsie (N.Y.), Vassar College 48.235.",
  "physicalDimensions": "Ht. 34",
  "publications": "",
  "description": "[a) Bearded silen, with egg in r. hand, bending forward in front of seated half-draped Dionysos, (o) A3c + A3c."
  },
  
  {"imageID": "PP-7-234",
  "URL": "https://artefactimages.s3.ap-southeast-2.amazonaws.com/P-3-4.jpg",
  "artefactType": "Neck-amphorae",
  "painter": "EARLY WORK_THE ALTAVILLA GROUP",
  "artefactNumber": "234",
  "provenance": "Once Tokyo Market, Sotheby's at Mitsukoshi, Sale Cat.",
  "physicalDimensions": "Ht. 35",
  "publications": "1-2 Oct. 1969, no. 50, reverse ill. on p. 57.",
  "description": "(a) Satyr and Dionysos, (») A3c + A3c, both with sticks."
  },
  
  {"imageID": "PP-7-*235",
  "URL": "https://artefactimages.s3.ap-southeast-2.amazonaws.com/P-3-4.jpg",
  "artefactType": "Neck-amphorae",
  "painter": "EARLY WORK_THE ALTAVILLA GROUP",
  "artefactNumber": "*235",
  "provenance": "Oxford 1942.293.",
  "physicalDimensions": "Ht. 33-6, diam. 32-2",
  "publications": "PPSupp, no. 69, pi. 8 a; Beazley, AJA 48, 1944, pp. 357 ff., figs. 1-3.",
  "description": "(a) Dionysos with thyrsus and 'skewer of fruit', young satyr with wreath and thyrsus, [b) A3c -I- A2r, both with sticks."
  },
  
  {"imageID": "PP-7-*236",
  "URL": "https://artefactimages.s3.ap-southeast-2.amazonaws.com/P-3-4.jpg",
  "artefactType": "Neck-amphorae",
  "painter": "EARLY WORK_THE ALTAVILLA GROUP",
  "artefactNumber": "*236",
  "provenance": "Cambridge G R 7 . 1943 (ex Museum Disneianum).",
  "physicalDimensions": "Ht. 32-8, diam. 31",
  "publications": "PP, no. 123; PPSupp, no. 70, pi. 8 b; Beazley, AJA 48, 1944, p. 360, fig. 4; Schneider-Herrmann, BABesch 51, 1976, p. 73, fig. 2.",
  "description": "(a) Dionysos, holding 'skewer of fruit' in r. hand and thyrsus in 1., with drapery over 1.arm, facing young satyr, holding wreath and thyrsus, [b) A3c + A2r, with spray; both with sticks."
  },
  
  {"imageID": "PP-7-*237",
  "URL": "https://artefactimages.s3.ap-southeast-2.amazonaws.com/P-3-4.jpg",
  "artefactType": "Neck-amphorae",
  "painter": "EARLY WORK_THE ALTAVILLA GROUP",
  "artefactNumber": "*237",
  "provenance": "Louvre K 248.",
  "physicalDimensions": "Ht. 34, diam. 32",
  "publications": "PP, no. 58; PPSupp, no. 72, pi. 9 d; Beaxley, loc. cit., fig. 6.",
  "description": "(a) Dionysos, holding 'skewer of fruit' in r. hand, with drapery over 1. arm, bending forward beside young Pan-satyr, holding wreath and thyrsus, [b) Air, with 'skewer of fruit' -I- A2r, with stick."
  },
  
  {"imageID": "PP-7-*238",
  "URL": "https://artefactimages.s3.ap-southeast-2.amazonaws.com/P-3-4.jpg",
  "artefactType": "Neck-amphorae",
  "painter": "EARLY WORK_THE ALTAVILLA GROUP",
  "artefactNumber": "*238",
  "provenance": "Oxford 1928.12 (ex Hope 275).",
  "physicalDimensions": "Ht. 34-5, diam. 33-7",
  "publications": "PP, no. 39, pi. 9 b; PPSupp, no. 77, pi. 9 a; PhV2, p. 40, no. 50 (with bibliography to date);Vickers, Gr.V.2,p. 99, pi. 72.",
  "description": "(a) Dionysos, holding phiale and thyrsus, phlyax actor as Hermes, holding up wreath,[b) draped youth (A31, with 'skewer of fruit') and draped woman with wreath and fillet."
  }
  ]